policy,workload,iterations,workers,median_throughput,q1_throughput,q3_throughput,median_attempts,median_successes,steal_success_rate,probes_per_task
linear,balanced,100,1,714200.5,703197.0,729502.0,0.0,0.0,0.0,0.0
linear,balanced,100,2,1239892.0,1155625.5,1277836.75,80256.0,75890.0,0.9455990829346093,0.080256
linear,balanced,100,4,172437.5,168516.25,187832.5,1254565.5,606010.5,0.4830441296209724,1.2545655
linear,balanced,100,8,179803.5,173337.25,182460.25,3806491.5,858740.5,0.22559895378723427,3.8064915
linear,balanced,100,16,215227.0,212634.5,221293.5,9048407.0,924812.0,0.10220716198995028,9.048407
linear,balanced,1000,1,299353.5,296368.0,302276.5,0.0,0.0,0.0,0.0
linear,balanced,1000,2,581692.5,579271.25,583107.5,4317.5,4317.5,1.0,0.0043175
linear,balanced,1000,4,1185376.0,1175182.25,1210477.0,10227.0,5902.5,0.5771487239659724,0.010227
linear,balanced,1000,8,182350.0,182053.5,186404.5,4349291.5,827561.5,0.19027501375798794,4.3492915
linear,balanced,1000,16,205811.0,202639.25,208677.25,11054574.5,912667.5,0.08256016547719679,11.0545745
linear,balanced,10000,1,40790.5,40689.75,41060.5,0.0,0.0,0.0,0.0
linear,balanced,10000,2,85635.0,85581.0,85894.75,205.0,204.5,0.9975609756097561,0.000205
linear,balanced,10000,4,174897.0,174228.5,175253.5,1638.5,1106.5,0.6753127860848337,0.0016385
linear,balanced,10000,8,350314.0,349690.25,351799.0,10345.0,3093.5,0.2990333494441759,0.010345
linear,balanced,10000,16,632288.0,581495.0,668434.0,455486.0,56826.5,0.12476014630526515,0.455486
linear,imbalanced,100,1,720283.0,701458.0,728639.75,0.0,0.0,0.0,0.0
linear,imbalanced,100,2,1310361.0,1279491.25,1367635.5,121889.0,120174.5,0.9859339234877634,0.121889
linear,imbalanced,100,4,163714.5,156759.25,171502.5,1362793.5,646145.0,0.47413272810590895,1.3627935
linear,imbalanced,100,8,179323.5,178182.5,183672.75,3885051.5,859796.0,0.22130877801748575,3.8850515
linear,imbalanced,100,16,214687.5,213273.25,217618.5,9303854.0,923430.0,0.09925241733157034,9.303854
linear,imbalanced,1000,1,297500.0,294950.25,300226.25,0.0,0.0,0.0,0.0
linear,imbalanced,1000,2,616720.0,614515.25,621785.75,210612.0,210612.0,1.0,0.210612
linear,imbalanced,1000,4,1197491.5,1191890.0,1208472.0,166604.5,166604.5,1.0,0.1666045
linear,imbalanced,1000,8,177392.0,173206.75,181351.0,4064809.0,841437.0,0.20700529840393483,4.064809
linear,imbalanced,1000,16,206918.5,204169.5,218212.5,9542298.0,921199.5,0.09653853820117544,9.542298
linear,imbalanced,10000,1,41047.0,40933.5,41278.0,0.0,0.0,0.0,0.0
linear,imbalanced,10000,2,88348.0,87975.0,88697.75,244577.0,244577.0,1.0,0.244577
linear,imbalanced,10000,4,180986.5,180784.75,181067.5,185717.5,185717.5,1.0,0.1857175
linear,imbalanced,10000,8,343914.5,342494.25,345433.25,108135.0,107833.5,0.9972118185601332,0.108135
linear,imbalanced,10000,16,398796.5,220768.75,543826.5,2043805.0,235382.0,0.11516852145874973,2.043805
random,balanced,100,1,705992.0,699384.5,720003.25,0.0,0.0,0.0,0.0
random,balanced,100,2,1184534.5,1162298.75,1218684.25,83698.5,79673.0,0.9519047533707294,0.0836985
random,balanced,100,4,185972.5,180465.25,192651.5,1461488.0,573453.0,0.39237612624941154,1.461488
random,balanced,100,8,182389.5,179152.25,185303.0,4643965.5,811977.0,0.1748456141631543,4.6439655
random,balanced,100,16,884208.5,615300.75,1267421.0,1255346.0,257470.5,0.2050992316062663,1.255346
random,balanced,1000,1,294855.0,293138.75,300101.75,0.0,0.0,0.0,0.0
random,balanced,1000,2,576865.0,574687.25,584458.25,4272.5,4272.5,1.0,0.0042725
random,balanced,1000,4,1178306.5,1170666.5,1187529.5,13348.0,7868.5,0.5894890620317651,0.013348
random,balanced,1000,8,217521.5,208178.0,234592.75,3662981.0,665080.5,0.18156809986183384,3.662981
random,balanced,1000,16,1273405.5,926239.25,1451133.75,409000.0,79397.5,0.19412591687041564,0.409
random,balanced,10000,1,41218.5,40844.75,41354.75,0.0,0.0,0.0,0.0
random,balanced,10000,2,85502.0,85149.0,85770.75,569.5,569.5,1.0,0.0005695
random,balanced,10000,4,174664.0,174329.5,175202.25,2332.5,1365.0,0.5852090032154341,0.0023325
random,balanced,10000,8,350543.5,349938.25,352167.0,7432.5,2907.5,0.39118735284224687,0.0074325
random,balanced,10000,16,662493.5,650666.0,673277.0,144361.0,30719.5,0.21279639237744266,0.144361
random,imbalanced,100,1,694531.0,672898.25,719249.0,0.0,0.0,0.0,0.0
random,imbalanced,100,2,1222019.5,1137093.75,1314942.25,117628.5,115076.5,0.9783045775471081,0.1176285
random,imbalanced,100,4,201815.5,186160.0,232010.0,1423651.5,565446.5,0.39718041950575683,1.4236515
random,imbalanced,100,8,184406.5,181058.25,189699.0,4714308.0,808425.5,0.17148338632096163,4.714308
random,imbalanced,100,16,693929.5,559211.25,1008770.0,1792026.0,279118.5,0.1557558316676209,1.792026
random,imbalanced,1000,1,296461.0,293160.25,299852.25,0.0,0.0,0.0,0.0
random,imbalanced,1000,2,624012.0,614224.0,626208.5,212549.0,212549.0,1.0,0.212549
random,imbalanced,1000,4,1134198.0,1126982.25,1140490.25,487640.0,236957.0,0.48592609301944056,0.48764
random,imbalanced,1000,8,292841.0,197729.25,1133908.25,2911045.0,619889.5,0.21294397716284014,2.911045
random,imbalanced,1000,16,1215417.5,1023420.75,1318735.75,778684.5,282165.0,0.36236113599281866,0.7786845
random,imbalanced,10000,1,41165.0,41011.75,41274.75,0.0,0.0,0.0,0.0
random,imbalanced,10000,2,88483.0,88279.0,89034.75,244365.5,244365.5,1.0,0.2443655
random,imbalanced,10000,4,180466.0,180201.75,180784.75,556040.0,195700.0,0.35195309689950366,0.55604
random,imbalanced,10000,8,339635.5,338005.0,342544.5,754145.0,142713.0,0.1892381438582766,0.754145
random,imbalanced,10000,16,559747.5,540884.25,577454.75,865526.5,123925.5,0.14317932495423305,0.8655265
