policy,workload,iterations,trial,workers,elapsed_s,throughput,steal_attempts,successful_steals
linear,balanced,10000,1,1,24.682,40515,0,0
linear,balanced,10000,1,2,11.682,85599,529,529
linear,balanced,10000,1,4,5.737,174320,1045,664
linear,balanced,10000,1,8,2.884,346751,20816,5540
linear,balanced,10000,1,16,1.539,649840,265712,36462
linear,balanced,10000,10,1,24.672,40533,0,0
linear,balanced,10000,10,2,11.621,86047,25,25
linear,balanced,10000,10,4,5.709,175153,1769,1288
linear,balanced,10000,10,8,2.872,348192,18049,5288
linear,balanced,10000,10,16,1.764,567012,968236,97688
linear,balanced,10000,2,1,24.558,40720,0,0
linear,balanced,10000,2,2,11.686,85575,1121,1121
linear,balanced,10000,2,4,5.741,174198,2298,1674
linear,balanced,10000,2,8,2.841,352013,16019,4300
linear,balanced,10000,2,16,1.6,624944,557032,56019
linear,balanced,10000,3,1,24.205,41314,0,0
linear,balanced,10000,3,2,11.676,85644,46,46
linear,balanced,10000,3,4,5.705,175287,1624,1257
linear,balanced,10000,3,8,2.841,352015,15119,3320
linear,balanced,10000,3,16,1.583,631537,468238,58454
linear,balanced,10000,4,1,24.56,40716,0,0
linear,balanced,10000,4,2,11.679,85626,118,118
linear,balanced,10000,4,4,5.725,174681,1653,1080
linear,balanced,10000,4,8,2.861,349546,6663,1738
linear,balanced,10000,4,16,1.58,633039,442734,57634
linear,balanced,10000,5,1,24.452,40897,0,0
linear,balanced,10000,5,2,11.648,85849,184,184
linear,balanced,10000,5,4,5.711,175113,668,465
linear,balanced,10000,5,8,2.848,351157,10129,2559
linear,balanced,10000,5,16,1.465,682584,328168,33294
linear,balanced,10000,6,1,24.322,41115,0,0
linear,balanced,10000,6,2,11.746,85133,9,9
linear,balanced,10000,6,4,5.743,174111,509,296
linear,balanced,10000,6,8,2.831,353274,10561,3055
linear,balanced,10000,6,16,1.482,674632,195632,25096
linear,balanced,10000,7,1,24.473,40861,0,0
linear,balanced,10000,7,2,11.64,85910,227,227
linear,balanced,10000,7,4,5.703,175345,1262,551
linear,balanced,10000,7,8,2.854,350353,9594,3132
linear,balanced,10000,7,16,2.731,366106,3761101,348466
linear,balanced,10000,8,1,24.311,41134,0,0
linear,balanced,10000,8,2,11.81,84674,1428,1428
linear,balanced,10000,8,4,5.699,175454,2005,1133
linear,balanced,10000,8,8,2.855,350275,5380,1389
linear,balanced,10000,8,16,1.474,678370,160615,30260
linear,balanced,10000,9,1,24.581,40681,0,0
linear,balanced,10000,9,2,11.629,85994,226,225
linear,balanced,10000,9,4,5.757,173692,1758,1758
linear,balanced,10000,9,8,2.856,350123,3279,1713
linear,balanced,10000,9,16,2.055,486655,2012089,187180
linear,balanced,1000,1,1,3.308,302282,0,0
linear,balanced,1000,1,2,1.682,594521,3071,3071
linear,balanced,1000,1,4,0.814,1228511,4744,2537
linear,balanced,1000,1,8,0.605,1652747,58873,19339
linear,balanced,1000,1,16,4.961,201585,10826526,912425
linear,balanced,1000,10,1,3.317,301507,0,0
linear,balanced,1000,10,2,1.72,581550,4587,4587
linear,balanced,1000,10,4,0.838,1193482,10055,5696
linear,balanced,1000,10,8,5.384,185737,4432781,832642
linear,balanced,1000,10,16,4.706,212479,11461643,912910
linear,balanced,1000,2,1,3.582,279187,0,0
linear,balanced,1000,2,2,1.715,583176,5062,5062
linear,balanced,1000,2,4,0.865,1156372,21528,21527
linear,balanced,1000,2,8,5.481,182442,4435179,831038
linear,balanced,1000,2,16,4.882,204839,11081295,911389
linear,balanced,1000,3,1,3.308,302260,0,0
linear,balanced,1000,3,2,1.719,581835,4048,4048
linear,balanced,1000,3,4,0.952,1050125,19581,19578
linear,balanced,1000,3,8,5.487,182258,4365294,829239
linear,balanced,1000,3,16,4.689,213248,10818939,915761
linear,balanced,1000,4,1,3.287,304213,0,0
linear,balanced,1000,4,2,1.707,585744,3528,3528
linear,balanced,1000,4,4,0.852,1173285,24697,10222
linear,balanced,1000,4,8,5.488,182214,4485948,825884
linear,balanced,1000,4,16,4.836,206783,11329180,908060
linear,balanced,1000,5,1,3.375,296273,0,0
linear,balanced,1000,5,2,1.729,578524,5837,5837
linear,balanced,1000,5,4,0.844,1185455,10609,5840
linear,balanced,1000,5,8,5.494,182000,4536201,833067
linear,balanced,1000,5,16,5.01,199611,11236650,910836
linear,balanced,1000,6,1,3.306,302511,0,0
linear,balanced,1000,6,2,1.72,581513,4751,4751
linear,balanced,1000,6,4,0.844,1185297,10399,4120
linear,balanced,1000,6,8,5.735,174368,4252756,802635
linear,balanced,1000,6,16,4.785,208972,11506819,914990
linear,balanced,1000,7,1,3.371,296653,0,0
linear,balanced,1000,7,2,1.745,573126,2845,2845
linear,balanced,1000,7,4,0.822,1216142,1168,854
linear,balanced,1000,7,8,5.723,174733,4333289,831500
linear,balanced,1000,7,16,4.928,202922,11027854,918641
linear,balanced,1000,8,1,3.365,297200,0,0
linear,balanced,1000,8,2,1.768,565594,7171,7171
linear,balanced,1000,8,4,0.847,1180874,6746,6741
linear,balanced,1000,8,8,0.584,1713232,39759,9564
linear,balanced,1000,8,16,4.812,207793,10826876,910761
linear,balanced,1000,9,1,3.382,295713,0,0
linear,balanced,1000,9,2,1.716,582902,1605,1605
linear,balanced,1000,9,4,0.822,1216966,7060,5965
linear,balanced,1000,9,8,5.358,186627,4045522,766464
linear,balanced,1000,9,16,4.937,202545,10908178,913572
linear,balanced,100,1,1,1.421,703818,0,0
linear,balanced,100,1,2,0.785,1273984,66569,63155
linear,balanced,100,1,4,5.33,187606,1232025,592604
linear,balanced,100,1,8,5.795,172549,3909232,856216
linear,balanced,100,1,16,4.613,216796,9078226,930616
linear,balanced,100,10,1,1.391,719136,0,0
linear,balanced,100,10,2,0.843,1186803,91028,86050
linear,balanced,100,10,4,5.79,172713,1290384,622165
linear,balanced,100,10,8,5.728,174586,3810466,846268
linear,balanced,100,10,16,3.542,282364,6672715,670676
linear,balanced,100,2,1,1.381,723859,0,0
linear,balanced,100,2,2,0.898,1113073,89621,84022
linear,balanced,100,2,4,5.996,166788,1242518,600556
linear,balanced,100,2,8,5.546,180300,3802517,860755
linear,balanced,100,2,16,4.68,213658,9064218,926033
linear,balanced,100,3,1,1.452,688757,0,0
linear,balanced,100,3,2,0.782,1279121,63041,60095
linear,balanced,100,3,4,5.9,169489,1266613,611465
linear,balanced,100,3,8,5.783,172921,3822189,856726
linear,balanced,100,3,16,4.506,221926,9316710,925232
linear,balanced,100,4,1,1.422,702990,0,0
linear,balanced,100,4,2,0.827,1208868,80167,75692
linear,balanced,100,4,4,5.808,172162,1279667,615081
linear,balanced,100,4,8,5.493,182038,3748697,874619
linear,balanced,100,4,16,4.558,219396,9032596,924392
linear,balanced,100,5,1,1.444,692708,0,0
linear,balanced,100,5,2,0.748,1336977,69520,66137
linear,balanced,100,5,4,4.789,208794,1138787,553219
linear,balanced,100,5,8,1.54,649370,752137,171926
linear,balanced,100,5,16,4.818,207570,9188442,927216
linear,balanced,100,6,1,1.338,747383,0,0
linear,balanced,100,6,2,0.873,1145233,94889,89171
linear,balanced,100,6,4,5.946,168192,1317922,632910
linear,balanced,100,6,8,5.821,171779,3884981,864588
linear,balanced,100,6,16,4.731,211357,9107443,921998
linear,balanced,100,7,1,1.365,732461,0,0
linear,balanced,100,7,2,0.787,1270916,80345,76088
linear,balanced,100,7,4,5.322,187908,1228211,587056
linear,balanced,100,7,8,5.476,182601,3822550,861785
linear,balanced,100,7,16,4.707,212443,8826954,926181
linear,balanced,100,8,1,1.367,731383,0,0
linear,balanced,100,8,2,0.9,1110840,91798,86599
linear,balanced,100,8,4,6.62,151068,1346308,655910
linear,balanced,100,8,8,3.432,291369,2010462,450893
linear,balanced,100,8,16,4.69,213209,8982660,923339
linear,balanced,100,9,1,1.41,709265,0,0
linear,balanced,100,9,2,0.75,1332477,65487,62391
linear,balanced,100,9,4,5.303,188580,1109024,538060
linear,balanced,100,9,8,5.577,179307,3767920,867806
linear,balanced,100,9,16,0.567,1762218,219156,36258
linear,imbalanced,10000,1,1,24.325,41110,0,0
linear,imbalanced,10000,1,2,11.098,90104,244437,244437
linear,imbalanced,10000,1,4,5.523,181076,185713,185713
linear,imbalanced,10000,1,8,2.876,347726,109306,108287
linear,imbalanced,10000,1,16,5.071,197205,9504848,924276
linear,imbalanced,10000,10,1,24.382,41014,0,0
linear,imbalanced,10000,10,2,11.258,88828,245582,245582
linear,imbalanced,10000,10,4,5.524,181017,185379,185376
linear,imbalanced,10000,10,8,2.929,341359,107845,107647
linear,imbalanced,10000,10,16,1.697,589336,62623,57976
linear,imbalanced,10000,2,1,24.177,41361,0,0
linear,imbalanced,10000,2,2,12.143,82349,227338,227338
linear,imbalanced,10000,2,4,5.497,181928,185726,185726
linear,imbalanced,10000,2,8,2.886,346509,108128,107892
linear,imbalanced,10000,2,16,2.583,387140,2375854,266302
linear,imbalanced,10000,3,1,24.402,40980,0,0
linear,imbalanced,10000,3,2,11.593,86258,247533,247533
linear,imbalanced,10000,3,4,5.531,180802,185722,185722
linear,imbalanced,10000,3,8,2.908,343890,108434,107979
linear,imbalanced,10000,3,16,5.009,199648,9492545,925175
linear,imbalanced,10000,4,1,24.193,41334,0,0
linear,imbalanced,10000,4,2,11.267,88753,241102,241102
linear,imbalanced,10000,4,4,5.532,180779,185827,185827
linear,imbalanced,10000,4,8,2.929,341358,107803,107667
linear,imbalanced,10000,4,16,2.436,410453,1711756,204462
linear,imbalanced,10000,5,1,24.617,40622,0,0
linear,imbalanced,10000,5,2,11.295,88532,245149,245149
linear,imbalanced,10000,5,4,5.559,179903,184978,184978
linear,imbalanced,10000,5,8,2.905,344192,107810,107799
linear,imbalanced,10000,5,16,1.805,554082,326801,80407
linear,imbalanced,10000,6,1,24.343,41080,0,0
linear,imbalanced,10000,6,2,11.379,87884,244286,244286
linear,imbalanced,10000,6,4,5.55,180193,186285,186281
linear,imbalanced,10000,6,8,2.924,342044,108142,107811
linear,imbalanced,10000,6,16,1.723,580549,103028,61452
linear,imbalanced,10000,7,1,24.439,40918,0,0
linear,imbalanced,10000,7,2,11.332,88248,245002,245002
linear,imbalanced,10000,7,4,5.524,181042,185253,185253
linear,imbalanced,10000,7,8,2.907,343939,108152,107748
linear,imbalanced,10000,7,16,1.949,513060,816903,124841
linear,imbalanced,10000,8,1,24.441,40914,0,0
linear,imbalanced,10000,8,2,11.325,88299,244127,244127
linear,imbalanced,10000,8,4,5.492,182082,186667,186667
linear,imbalanced,10000,8,8,2.891,345847,109313,108108
linear,imbalanced,10000,8,16,4.94,202448,9365610,926062
linear,imbalanced,10000,9,1,23.84,41946,0,0
linear,imbalanced,10000,9,2,11.313,88397,244717,244717
linear,imbalanced,10000,9,4,5.526,180956,185412,185409
linear,imbalanced,10000,9,8,2.908,343845,107856,107856
linear,imbalanced,10000,9,16,3.627,275731,5123324,518901
linear,imbalanced,1000,1,1,3.337,299654,0,0
linear,imbalanced,1000,1,2,1.609,621599,207027,207027
linear,imbalanced,1000,1,4,0.835,1197198,166482,166482
linear,imbalanced,1000,1,8,5.502,181763,3988257,847852
linear,imbalanced,1000,1,16,4.783,209053,9759264,920311
linear,imbalanced,1000,10,1,3.412,293044,0,0
linear,imbalanced,1000,10,2,1.633,612217,207242,207242
linear,imbalanced,1000,10,4,0.839,1192565,166325,166325
linear,imbalanced,1000,10,8,5.589,178924,4098589,854649
linear,imbalanced,1000,10,16,4.631,215928,9490356,920654
linear,imbalanced,1000,2,1,3.373,296436,0,0
linear,imbalanced,1000,2,2,1.608,621854,212097,212097
linear,imbalanced,1000,2,4,0.826,1211301,167908,167908
linear,imbalanced,1000,2,8,5.802,172341,4043680,828583
linear,imbalanced,1000,2,16,4.555,219536,9501817,922982
linear,imbalanced,1000,3,1,3.349,298564,0,0
linear,imbalanced,1000,3,2,1.63,613394,210857,210857
linear,imbalanced,1000,3,4,0.835,1197785,167211,167042
linear,imbalanced,1000,3,8,5.686,175860,3834871,807664
linear,imbalanced,1000,3,16,4.539,220306,9412827,922119
linear,imbalanced,1000,4,1,3.329,300417,0,0
linear,imbalanced,1000,4,2,1.62,617430,210602,210602
linear,imbalanced,1000,4,4,0.819,1220278,168795,168795
linear,imbalanced,1000,4,8,5.552,180115,4052779,844209
linear,imbalanced,1000,4,16,4.898,204157,9467851,918822
linear,imbalanced,1000,5,1,3.316,301560,0,0
linear,imbalanced,1000,5,2,1.608,621848,208533,208533
linear,imbalanced,1000,5,4,0.841,1189758,166366,166366
linear,imbalanced,1000,5,8,5.688,175804,4112571,835280
linear,imbalanced,1000,5,16,4.883,204784,10040077,919695
linear,imbalanced,1000,6,1,3.382,295704,0,0
linear,imbalanced,1000,6,2,1.623,616010,210622,210622
linear,imbalanced,1000,6,4,1.015,985055,158236,158235
linear,imbalanced,1000,6,8,0.798,1252994,122346,95947
linear,imbalanced,1000,6,16,4.91,203678,9571905,921745
linear,imbalanced,1000,7,1,3.393,294699,0,0
linear,imbalanced,1000,7,2,1.627,614573,210304,210304
linear,imbalanced,1000,7,4,0.823,1215798,168438,168438
linear,imbalanced,1000,7,8,6.079,164494,4097840,844111
linear,imbalanced,1000,7,16,4.906,203838,9761997,920448
linear,imbalanced,1000,8,1,3.424,292047,0,0
linear,imbalanced,1000,8,2,1.627,614496,212417,212417
linear,imbalanced,1000,8,4,0.839,1191665,166727,166727
linear,imbalanced,1000,8,8,5.819,171850,4115087,845467
linear,imbalanced,1000,8,16,4.567,218974,9512691,921926
linear,imbalanced,1000,9,1,3.305,302544,0,0
linear,imbalanced,1000,9,2,1.592,628338,216217,216217
linear,imbalanced,1000,9,4,0.833,1199985,166343,166335
linear,imbalanced,1000,9,8,5.41,184829,4076839,838763
linear,imbalanced,1000,9,16,4.897,204207,9758047,921934
linear,imbalanced,100,1,1,1.432,698254,0,0
linear,imbalanced,100,1,2,0.722,1384221,124377,122986
linear,imbalanced,100,1,4,5.922,168864,1331977,634074
linear,imbalanced,100,1,8,5.611,178226,3920469,866081
linear,imbalanced,100,1,16,4.619,216519,9323115,924906
linear,imbalanced,100,10,1,1.336,748731,0,0
linear,imbalanced,100,10,2,0.759,1317879,124731,123050
linear,imbalanced,100,10,4,5.801,172382,1345376,617362
linear,imbalanced,100,10,8,5.613,178168,3925637,855228
linear,imbalanced,100,10,16,4.734,211222,9549366,921358
linear,imbalanced,100,2,1,1.373,728303,0,0
linear,imbalanced,100,2,2,0.785,1274147,119401,117201
linear,imbalanced,100,2,4,6.858,145824,1420521,669304
linear,imbalanced,100,2,8,5.648,177043,3822606,855344
linear,imbalanced,100,2,16,4.651,214999,9409472,924328
linear,imbalanced,100,3,1,1.372,728752,0,0
linear,imbalanced,100,3,2,0.76,1315714,113687,112130
linear,imbalanced,100,3,4,5.67,176374,1230262,588158
linear,imbalanced,100,3,8,5.438,183884,3832235,858500
linear,imbalanced,100,3,16,4.586,218041,9314275,923709
linear,imbalanced,100,4,1,1.394,717263,0,0
linear,imbalanced,100,4,2,0.662,1509818,118799,117967
linear,imbalanced,100,4,4,4.608,217035,1104865,509409
linear,imbalanced,100,4,8,5.442,183770,3852512,861709
linear,imbalanced,100,4,16,4.587,217985,9251128,924158
linear,imbalanced,100,5,1,1.424,702358,0,0
linear,imbalanced,100,5,2,0.766,1305008,130668,128828
linear,imbalanced,100,5,4,6.37,156988,1382985,653208
linear,imbalanced,100,5,8,5.673,176283,3978861,858991
linear,imbalanced,100,5,16,4.7,212776,9293433,923151
linear,imbalanced,100,6,1,1.383,723303,0,0
linear,imbalanced,100,6,2,0.836,1196501,125493,122382
linear,imbalanced,100,6,4,6.742,148316,1382638,685750
linear,imbalanced,100,6,8,5.551,180135,3925767,860601
linear,imbalanced,100,6,16,4.696,212929,9054308,922746
linear,imbalanced,100,7,1,1.37,730077,0,0
linear,imbalanced,100,7,2,0.772,1295524,125365,123023
linear,imbalanced,100,7,4,6.278,159278,1407537,655706
linear,imbalanced,100,7,8,5.602,178512,3770012,861495
linear,imbalanced,100,7,16,4.666,214306,9201732,923137
linear,imbalanced,100,8,1,1.443,692830,0,0
linear,imbalanced,100,8,2,0.714,1400733,108032,106897
linear,imbalanced,100,8,4,6.382,156683,1342526,663928
linear,imbalanced,100,8,8,5.082,196762,3876161,858871
linear,imbalanced,100,8,16,4.404,227080,9384601,924610
linear,imbalanced,100,9,1,1.426,701158,0,0
linear,imbalanced,100,9,2,0.917,1090500,112806,109634
linear,imbalanced,100,9,4,5.947,168151,1380211,639082
linear,imbalanced,100,9,8,5.453,183381,3893942,865004
linear,imbalanced,100,9,16,4.665,214376,9244454,919684
random,balanced,10000,1,1,24.433,40928,0,0
random,balanced,10000,1,2,11.657,85782,490,490
random,balanced,10000,1,4,5.735,174355,6403,2473
random,balanced,10000,1,8,2.847,351279,4194,2165
random,balanced,10000,1,16,1.573,635833,226080,46331
random,balanced,10000,10,1,24.499,40817,0,0
random,balanced,10000,10,2,11.719,85332,643,643
random,balanced,10000,10,4,5.737,174321,2313,1619
random,balanced,10000,10,8,2.862,349388,27823,6051
random,balanced,10000,10,16,1.538,650120,179767,30551
random,balanced,10000,2,1,24.514,40794,0,0
random,balanced,10000,2,2,11.785,84850,3013,3013
random,balanced,10000,2,4,5.759,173651,6425,3139
random,balanced,10000,2,8,2.837,352463,3857,1498
random,balanced,10000,2,16,1.476,677286,118645,31199
random,balanced,10000,3,1,24.174,41367,0,0
random,balanced,10000,3,2,11.753,85088,1561,1561
random,balanced,10000,3,4,5.7,175441,1687,1009
random,balanced,10000,3,8,2.835,352719,7780,3067
random,balanced,10000,3,16,1.58,633032,235578,46624
random,balanced,10000,4,1,24.269,41206,0,0
random,balanced,10000,4,2,11.772,84948,294,294
random,balanced,10000,4,4,5.707,175208,1504,922
random,balanced,10000,4,8,2.854,350346,3585,1612
random,balanced,10000,4,16,1.481,675301,96883,23011
random,balanced,10000,5,1,24.174,41367,0,0
random,balanced,10000,5,2,11.604,86178,599,599
random,balanced,10000,5,4,5.708,175185,1203,795
random,balanced,10000,5,8,2.851,350741,3858,2200
random,balanced,10000,5,16,1.522,657064,118653,31334
random,balanced,10000,6,1,24.202,41318,0,0
random,balanced,10000,6,2,11.664,85737,628,628
random,balanced,10000,6,4,5.724,174718,1491,712
random,balanced,10000,6,8,2.859,349810,7085,2953
random,balanced,10000,6,16,1.486,673106,148754,27706
random,balanced,10000,7,1,24.689,40503,0,0
random,balanced,10000,7,2,11.697,85488,408,408
random,balanced,10000,7,4,5.75,173898,18006,6916
random,balanced,10000,7,8,2.855,350323,9139,2862
random,balanced,10000,7,16,1.485,673334,62418,23390
random,balanced,10000,8,1,24.254,41231,0,0
random,balanced,10000,8,2,11.694,85516,540,540
random,balanced,10000,8,4,5.727,174610,2352,1111
random,balanced,10000,8,8,2.878,347459,13745,4224
random,balanced,10000,8,16,1.533,652304,168051,30888
random,balanced,10000,9,1,24.116,41466,0,0
random,balanced,10000,9,2,11.649,85843,75,75
random,balanced,10000,9,4,5.706,175258,6372,2312
random,balanced,10000,9,8,2.836,352601,16461,3601
random,balanced,10000,9,16,1.497,667923,139968,29650
random,balanced,1000,1,1,3.326,300640,0,0
random,balanced,1000,1,2,1.699,588479,3801,3801
random,balanced,1000,1,4,0.85,1176607,2407,1793
random,balanced,1000,1,8,4.804,208140,3795359,680607
random,balanced,1000,1,16,0.762,1312343,601897,215537
random,balanced,1000,10,1,3.399,294239,0,0
random,balanced,1000,10,2,1.735,576476,2126,2126
random,balanced,1000,10,4,0.875,1142349,47441,16918
random,balanced,1000,10,8,4.209,237594,3232904,590887
random,balanced,1000,10,16,0.81,1234468,479240,58554
random,balanced,1000,2,1,3.384,295471,0,0
random,balanced,1000,2,2,1.732,577232,3652,3652
random,balanced,1000,2,4,0.832,1201648,12717,7877
random,balanced,1000,2,8,4.801,208292,3846850,699999
random,balanced,1000,2,16,1.22,819646,1477202,302676
random,balanced,1000,3,1,3.4,294101,0,0
random,balanced,1000,3,2,1.772,564350,1869,1869
random,balanced,1000,3,4,0.851,1175615,16116,8196
random,balanced,1000,3,8,4.433,225589,3535040,644698
random,balanced,1000,3,16,0.613,1631262,155755,46691
random,balanced,1000,4,1,3.308,302305,0,0
random,balanced,1000,4,2,1.711,584472,7984,7984
random,balanced,1000,4,4,0.847,1180006,4928,2856
random,balanced,1000,4,8,0.598,1672884,28492,9683
random,balanced,1000,4,16,0.63,1587473,130984,26834
random,balanced,1000,5,1,3.35,298487,0,0
random,balanced,1000,5,2,1.684,593972,5293,5293
random,balanced,1000,5,4,0.855,1169017,21738,9367
random,balanced,1000,5,8,1.283,779636,525108,109054
random,balanced,1000,5,16,0.727,1374789,164643,40244
random,balanced,1000,6,1,3.415,292818,0,0
random,balanced,1000,6,2,1.778,562446,4744,4744
random,balanced,1000,6,4,0.842,1188014,12698,7810
random,balanced,1000,6,8,4.994,200231,3829724,689404
random,balanced,1000,6,16,1.207,828702,1324401,306812
random,balanced,1000,7,1,3.295,303520,0,0
random,balanced,1000,7,2,1.711,584417,6797,6797
random,balanced,1000,7,4,0.833,1201039,13310,7711
random,balanced,1000,7,8,5.179,193078,3948894,703548
random,balanced,1000,7,16,1.592,628127,1837193,312002
random,balanced,1000,8,1,3.424,292057,0,0
random,balanced,1000,8,2,1.735,576498,350,350
random,balanced,1000,8,4,0.884,1131492,52160,21628
random,balanced,1000,8,8,4.63,215973,3536025,651006
random,balanced,1000,8,16,0.82,1218851,338760,100241
random,balanced,1000,9,1,3.433,291264,0,0
random,balanced,1000,9,2,1.742,574091,9300,9300
random,balanced,1000,9,4,0.843,1186076,13386,7860
random,balanced,1000,9,8,4.565,219070,3789937,679155
random,balanced,1000,9,16,0.677,1476582,291519,48684
random,balanced,100,1,1,1.393,717748,0,0
random,balanced,100,1,2,0.798,1253864,66997,63529
random,balanced,100,1,4,5.506,181606,1480252,571190
random,balanced,100,1,8,6.383,156661,4758202,814183
random,balanced,100,1,16,1.049,953062,690483,147634
random,balanced,100,10,1,1.424,702077,0,0
random,balanced,100,10,2,0.856,1167575,83633,79585
random,balanced,100,10,4,5.428,184240,1459168,575716
random,balanced,100,10,8,5.497,181931,4688195,821243
random,balanced,100,10,16,1.231,812157,1559789,275427
random,balanced,100,2,1,1.802,554845,0,0
random,balanced,100,2,2,0.811,1233789,83466,79576
random,balanced,100,2,4,4.664,214413,1296078,533203
random,balanced,100,2,8,5.469,182837,4623922,800934
random,balanced,100,2,16,1.226,815355,1396708,296949
random,balanced,100,3,1,1.387,720755,0,0
random,balanced,100,3,2,0.839,1191262,79888,75465
random,balanced,100,3,4,5.16,193793,1425886,570354
random,balanced,100,3,8,5.373,186125,4792593,821341
random,balanced,100,3,16,1.819,549682,2089634,279372
random,balanced,100,4,1,1.412,708215,0,0
random,balanced,100,4,2,0.814,1227825,83764,79761
random,balanced,100,4,4,5.553,180085,1471712,576076
random,balanced,100,4,8,5.352,186853,4552690,815788
random,balanced,100,4,16,2.106,474914,3421748,463842
random,balanced,100,5,1,1.342,745379,0,0
random,balanced,100,5,2,0.862,1160540,73809,69820
random,balanced,100,5,4,5.328,187705,1463808,580026
random,balanced,100,5,8,5.611,178226,4417354,775749
random,balanced,100,5,16,0.695,1439723,218275,103429
random,balanced,100,6,1,1.77,564835,0,0
random,balanced,100,6,2,0.922,1084490,92485,86918
random,balanced,100,6,4,5.917,169013,1575549,616080
random,balanced,100,6,8,5.679,176081,4633169,808807
random,balanced,100,6,16,0.734,1362720,341456,117877
random,balanced,100,7,1,1.421,703769,0,0
random,balanced,100,7,2,0.847,1180479,86330,81529
random,balanced,100,7,4,5.285,189227,1443824,561276
random,balanced,100,7,8,5.34,187251,4302150,766263
random,balanced,100,7,16,0.734,1361482,427064,54706
random,balanced,100,8,1,1.432,698487,0,0
random,balanced,100,8,2,0.841,1188590,86438,82370
random,balanced,100,8,4,6.287,159058,1666043,638806
random,balanced,100,8,8,5.474,182666,4719740,821843
random,balanced,100,8,16,2.48,403221,4040003,516673
random,balanced,100,9,1,1.347,742610,0,0
random,balanced,100,9,2,0.869,1150742,87819,84066
random,balanced,100,9,4,4.879,204957,1338452,536058
random,balanced,100,9,8,5.491,182113,4654762,809771
random,balanced,100,9,16,1.015,985238,1113984,239514
random,imbalanced,10000,1,1,24.36,41050,0,0
random,imbalanced,10000,1,2,11.317,88360,244288,244288
random,imbalanced,10000,1,4,5.548,180261,556072,195719
random,imbalanced,10000,1,8,2.939,340263,750720,145649
random,imbalanced,10000,1,16,1.782,561030,864957,125942
random,imbalanced,10000,10,1,24.564,40710,0,0
random,imbalanced,10000,10,2,11.331,88252,242886,242886
random,imbalanced,10000,10,4,5.535,180682,557395,197245
random,imbalanced,10000,10,8,2.939,340203,756551,143180
random,imbalanced,10000,10,16,1.726,579243,873280,139578
random,imbalanced,10000,2,1,24.548,40736,0,0
random,imbalanced,10000,2,2,11.338,88201,243293,243293
random,imbalanced,10000,2,4,5.53,180837,556393,195657
random,imbalanced,10000,2,8,2.961,337691,754532,139923
random,imbalanced,10000,2,16,2.032,492057,866096,75246
random,imbalanced,10000,3,1,24.391,40999,0,0
random,imbalanced,10000,3,2,11.315,88379,243973,243973
random,imbalanced,10000,3,4,5.523,181051,555111,196290
random,imbalanced,10000,3,8,2.913,343305,753233,153808
random,imbalanced,10000,3,16,1.687,592920,862944,149908
random,imbalanced,10000,4,1,24.283,41180,0,0
random,imbalanced,10000,4,2,11.173,89502,245437,245437
random,imbalanced,10000,4,4,5.539,180537,556435,195286
random,imbalanced,10000,4,8,3.057,327091,752192,138835
random,imbalanced,10000,4,16,1.882,531262,864717,68929
random,imbalanced,10000,5,1,24.301,41150,0,0
random,imbalanced,10000,5,2,11.259,88818,245882,245882
random,imbalanced,10000,5,4,5.561,179829,555746,194717
random,imbalanced,10000,5,8,2.963,337453,753758,140091
random,imbalanced,10000,5,16,1.859,537847,854533,61971
random,imbalanced,10000,6,1,24.221,41286,0,0
random,imbalanced,10000,6,2,11.288,88587,245712,245712
random,imbalanced,10000,6,4,5.55,180182,556008,195499
random,imbalanced,10000,6,8,2.91,343699,755848,143255
random,imbalanced,10000,6,16,1.688,592576,859899,141500
random,imbalanced,10000,7,1,24.198,41326,0,0
random,imbalanced,10000,7,2,11.223,89107,246317,246317
random,imbalanced,10000,7,4,5.53,180819,557093,195681
random,imbalanced,10000,7,8,2.95,338947,755544,141456
random,imbalanced,10000,7,16,1.791,558465,874260,105618
random,imbalanced,10000,8,1,24.214,41298,0,0
random,imbalanced,10000,8,2,11.214,89174,243216,243216
random,imbalanced,10000,8,4,5.589,178911,554965,195894
random,imbalanced,10000,8,8,2.949,339068,754754,151203
random,imbalanced,10000,8,16,1.818,549996,872354,150940
random,imbalanced,10000,9,1,24.248,41241,0,0
random,imbalanced,10000,9,2,11.341,88175,244443,244443
random,imbalanced,10000,9,4,5.543,180395,554988,196514
random,imbalanced,10000,9,8,2.911,343498,750299,142246
random,imbalanced,10000,9,16,1.748,572090,873496,121909
random,imbalanced,1000,1,1,3.297,303289,0,0
random,imbalanced,1000,1,2,1.597,626239,216043,216043
random,imbalanced,1000,1,4,0.883,1133058,487505,240065
random,imbalanced,1000,1,8,5.424,184350,4318208,778899
random,imbalanced,1000,1,16,1.827,547495,2314266,329608
random,imbalanced,1000,10,1,3.537,282748,0,0
random,imbalanced,1000,10,2,1.597,626369,213058,213058
random,imbalanced,1000,10,4,0.877,1139942,485218,228235
random,imbalanced,1000,10,8,0.815,1226498,669580,273008
random,imbalanced,1000,10,16,0.911,1097664,889408,93122
random,imbalanced,1000,2,1,3.341,299319,0,0
random,imbalanced,1000,2,2,1.618,617965,210797,210797
random,imbalanced,1000,2,4,0.889,1124957,486164,233902
random,imbalanced,1000,2,8,1.168,856139,1014081,390092
random,imbalanced,1000,2,16,0.775,1289902,696872,114322
random,imbalanced,1000,3,1,3.314,301726,0,0
random,imbalanced,1000,3,2,1.599,625270,212040,212040
random,imbalanced,1000,3,4,0.882,1134226,488040,248752
random,imbalanced,1000,3,8,5.382,185806,4423446,798590
random,imbalanced,1000,3,16,1.107,903452,1295697,362521
random,imbalanced,1000,4,1,3.35,298510,0,0
random,imbalanced,1000,4,2,1.606,622754,214378,214377
random,imbalanced,1000,4,4,0.913,1095339,480963,229329
random,imbalanced,1000,4,8,5.182,192976,4421931,794593
random,imbalanced,1000,4,16,0.749,1334469,676503,273778
random,imbalanced,1000,5,1,3.333,300030,0,0
random,imbalanced,1000,5,2,1.581,632385,216278,216278
random,imbalanced,1000,5,4,0.882,1134170,488060,231537
random,imbalanced,1000,5,8,0.747,1338916,618042,268336
random,imbalanced,1000,5,16,0.75,1332531,676610,63416
random,imbalanced,1000,6,1,3.404,293746,0,0
random,imbalanced,1000,6,2,1.597,626117,210578,210578
random,imbalanced,1000,6,4,0.874,1143831,489331,239585
random,imbalanced,1000,6,8,0.727,1374848,619027,280462
random,imbalanced,1000,6,16,0.753,1328347,674883,115339
random,imbalanced,1000,7,1,3.397,294412,0,0
random,imbalanced,1000,7,2,1.631,612961,209745,209745
random,imbalanced,1000,7,4,0.899,1111997,481250,234775
random,imbalanced,1000,7,8,3.811,262364,3201856,656060
random,imbalanced,1000,7,16,1.001,998673,984963,305119
random,imbalanced,1000,8,1,3.413,292965,0,0
random,imbalanced,1000,8,2,1.631,612977,214727,214727
random,imbalanced,1000,8,4,0.871,1147642,491307,240678
random,imbalanced,1000,8,8,3.093,323318,2620234,583719
random,imbalanced,1000,8,16,0.835,1198239,796117,290552
random,imbalanced,1000,9,1,3.52,284065,0,0
random,imbalanced,1000,9,2,1.637,611050,208973,208973
random,imbalanced,1000,9,4,0.877,1140673,487775,239139
random,imbalanced,1000,9,8,4.717,211989,3959312,747159
random,imbalanced,1000,9,16,0.811,1232596,761252,323405
random,imbalanced,100,1,1,1.96,510075,0,0
random,imbalanced,100,1,2,1.025,976027,107125,104941
random,imbalanced,100,1,4,4.171,239744,1155881,482754
random,imbalanced,100,1,8,5.709,175162,4783133,811679
random,imbalanced,100,1,16,1.249,800765,1559275,277860
random,imbalanced,100,10,1,1.384,722580,0,0
random,imbalanced,100,10,2,0.794,1260124,124614,121992
random,imbalanced,100,10,4,4.789,208808,1386851,553596
random,imbalanced,100,10,8,5.381,185826,4732163,809804
random,imbalanced,100,10,16,2.572,388738,4327627,524271
random,imbalanced,100,2,1,1.336,748332,0,0
random,imbalanced,100,2,2,0.629,1589925,104396,103737
random,imbalanced,100,2,4,3.584,279030,1004492,427982
random,imbalanced,100,2,8,3.483,287090,2878871,537096
random,imbalanced,100,2,16,0.629,1589034,234128,99581
random,imbalanced,100,3,1,1.458,685649,0,0
random,imbalanced,100,3,2,0.794,1259670,110643,108161
random,imbalanced,100,3,4,4.898,204153,1460452,577297
random,imbalanced,100,3,8,5.236,190990,4711611,816299
random,imbalanced,100,3,16,1.703,587094,2352154,376559
random,imbalanced,100,4,1,1.397,715853,0,0
random,imbalanced,100,4,2,1.02,980594,168653,168286
random,imbalanced,100,4,4,5.387,185640,1484512,598262
random,imbalanced,100,4,8,5.538,180565,4735703,807047
random,imbalanced,100,4,16,1.15,869942,1355381,280377
random,imbalanced,100,5,1,1.439,694724,0,0
random,imbalanced,100,5,2,0.853,1172838,127617,123896
random,imbalanced,100,5,4,6.819,146659,1714097,647742
random,imbalanced,100,5,8,5.891,169740,4750722,815076
random,imbalanced,100,5,16,1.797,556622,2024777,271463
random,imbalanced,100,6,1,1.496,668648,0,0
random,imbalanced,100,6,2,0.75,1333215,104247,102456
random,imbalanced,100,6,4,3.343,299091,1043615,445953
random,imbalanced,100,6,8,5.478,182538,4646829,802162
random,imbalanced,100,6,16,0.948,1055046,657524,166902
random,imbalanced,100,7,1,1.44,694338,0,0
random,imbalanced,100,7,2,0.844,1184369,137220,133768
random,imbalanced,100,7,4,5.8,172427,1536617,606206
random,imbalanced,100,7,8,5.432,184087,4717005,810703
random,imbalanced,100,7,16,1.764,566979,2460345,351033
random,imbalanced,100,8,1,1.503,665122,0,0
random,imbalanced,100,8,2,0.889,1125179,126682,123725
random,imbalanced,100,8,4,5.327,187720,1472176,578038
random,imbalanced,100,8,8,5.413,184726,4597754,801682
random,imbalanced,100,8,16,2.337,427813,3265264,449042
random,imbalanced,100,9,1,1.388,720381,0,0
random,imbalanced,100,9,2,0.73,1368996,109838,107999
random,imbalanced,100,9,4,5.013,199478,1327718,528169
random,imbalanced,100,9,8,4.996,200175,4255374,739380
random,imbalanced,100,9,16,0.703,1421963,356463,55918
